epoch,time,train/box_loss,train/cls_loss,train/dfl_loss,metrics/precision(B),metrics/recall(B),metrics/mAP50(B),metrics/mAP50-95(B),val/box_loss,val/cls_loss,val/dfl_loss,lr/pg0,lr/pg1,lr/pg2
1,16.1794,3.63112,5.53009,2.40389,0,0,0,0,2.80083,5.33016,1.52201,1.892e-05,1.892e-05,1.892e-05
2,36.4119,2.90854,5.41387,1.73874,0,0,0,0,2.53153,5.20216,1.31697,3.91684e-05,3.91684e-05,3.91684e-05
3,55.4752,2.4643,5.30255,1.39389,0,0,0,0,2.11972,5.12341,1.16292,5.9008e-05,5.9008e-05,5.9008e-05
4,74.3996,2.18573,5.18443,1.2576,0,0,0,0,1.64574,4.95858,1.03904,7.84391e-05,7.84391e-05,7.84391e-05
5,93.922,1.98088,5.11432,1.15054,0,0,0,0,1.57533,4.94509,1.04894,9.74614e-05,9.74614e-05,9.74614e-05
6,112.402,1.74439,4.97849,1.08251,0,0,0,0,1.28285,4.90792,1.00838,0.000116075,0.000116075,0.000116075
7,131.185,1.61694,4.95513,1.06602,0.0007,0.01358,0.0011,0.00056,0.98735,4.80593,0.9557,0.00013428,0.00013428,0.00013428
8,150.034,1.63836,4.86845,1.06173,0.00252,0.02948,0.00331,0.00161,0.96649,4.72943,0.9525,0.000152076,0.000152076,0.000152076
9,169.966,1.42043,4.84095,1.01051,0.00611,0.16526,0.00993,0.00441,0.97113,4.50387,0.94917,0.000158378,0.000158378,0.000158378
10,189.463,1.34672,4.76133,0.97267,0.00694,0.18698,0.01033,0.00474,0.948,4.39833,0.94759,0.000156675,0.000156675,0.000156675
11,204.091,1.26434,4.78589,0.98646,0.00772,0.21282,0.01183,0.00622,0.88629,4.20367,0.9394,0.000154972,0.000154972,0.000154972
12,222.603,1.25976,4.69978,0.97812,0.00803,0.22517,0.01211,0.0069,0.83063,4.12484,0.92923,0.000153269,0.000153269,0.000153269
13,241.419,1.25014,4.71289,0.97189,0.00753,0.23297,0.01047,0.0061,0.81626,4.02444,0.9249,0.000151566,0.000151566,0.000151566
14,260.342,1.13014,4.65176,0.92817,0.00833,0.23816,0.01212,0.00638,0.82256,4.00562,0.92463,0.000149864,0.000149864,0.000149864
15,279.009,1.02483,4.62653,0.91796,0.01113,0.24815,0.01301,0.00739,0.70439,3.99681,0.91549,0.000148161,0.000148161,0.000148161
16,297.744,1.04021,4.60647,0.92579,0.01184,0.24459,0.01341,0.00779,0.68352,3.98705,0.91253,0.000146458,0.000146458,0.000146458
17,316.672,0.98188,4.59552,0.90432,0.01092,0.24532,0.01789,0.00894,0.65424,4.00337,0.91384,0.000144755,0.000144755,0.000144755
18,336.912,0.97307,4.53264,0.92137,0.00977,0.2202,0.01403,0.00743,0.63163,4.00536,0.91284,0.000143052,0.000143052,0.000143052
19,353.475,0.9766,4.4852,0.90612,0.00944,0.2001,0.01104,0.00749,0.60812,4.00462,0.9105,0.00014135,0.00014135,0.00014135
20,367.285,0.88946,4.50675,0.90948,0.00975,0.19946,0.01149,0.00748,0.61517,4.01695,0.91109,0.000139647,0.000139647,0.000139647
21,380.104,0.95368,4.50227,0.91078,0.01009,0.18526,0.01326,0.00804,0.63886,4.03738,0.91361,0.000137944,0.000137944,0.000137944
22,392.724,0.92441,4.45898,0.89472,0.00956,0.17988,0.01306,0.00946,0.62108,4.04747,0.91436,0.000136241,0.000136241,0.000136241
23,405.731,0.86633,4.43475,0.89075,0.00785,0.16989,0.01289,0.01037,0.58613,4.07561,0.91289,0.000134538,0.000134538,0.000134538
24,418.228,0.84482,4.35206,0.8853,0.00906,0.17037,0.01383,0.01144,0.58175,4.06693,0.91191,0.000132836,0.000132836,0.000132836
25,430.578,0.78922,4.31732,0.87218,0.01177,0.19395,0.01824,0.01541,0.57854,4.05894,0.9112,0.000131133,0.000131133,0.000131133
26,442.798,0.85853,4.31518,0.87747,0.01129,0.19228,0.01766,0.01485,0.56694,4.05861,0.91018,0.00012943,0.00012943,0.00012943
27,454.818,0.81031,4.26184,0.87398,0.01523,0.20769,0.02004,0.017,0.52688,4.05149,0.90966,0.000127727,0.000127727,0.000127727
28,466.792,0.76245,4.25568,0.87235,0.01644,0.21419,0.02242,0.01905,0.5139,4.05142,0.90918,0.000126024,0.000126024,0.000126024
29,478.907,0.79102,4.23996,0.87641,0.01626,0.22171,0.02429,0.02086,0.53734,4.03494,0.90925,0.000124322,0.000124322,0.000124322
30,490.969,0.72635,4.19728,0.86659,0.01612,0.21894,0.0256,0.02194,0.52407,4.02925,0.90931,0.000122619,0.000122619,0.000122619
31,502.908,0.73022,4.1531,0.85932,0.01628,0.23191,0.02789,0.02403,0.49908,4.00826,0.90757,0.000120916,0.000120916,0.000120916
32,514.998,0.73458,4.15005,0.87109,0.01646,0.23665,0.02709,0.0232,0.48876,3.98416,0.90678,0.000119213,0.000119213,0.000119213
33,527.236,0.78464,4.14044,0.87046,0.0159,0.25364,0.02879,0.02505,0.46097,3.9095,0.90516,0.00011751,0.00011751,0.00011751
34,539.281,0.76835,4.06499,0.87069,0.01638,0.26681,0.03041,0.02643,0.46963,3.89428,0.9064,0.000115808,0.000115808,0.000115808
35,551.331,0.74904,4.04156,0.86929,0.01687,0.28062,0.03219,0.02771,0.48051,3.88225,0.90645,0.000114105,0.000114105,0.000114105
36,563.27,0.73321,4.00201,0.86877,0.01697,0.28011,0.03249,0.0288,0.47731,3.87517,0.9063,0.000112402,0.000112402,0.000112402
37,575.679,0.72123,4.04545,0.85275,0.01689,0.28039,0.03388,0.02992,0.46663,3.86672,0.9051,0.000110699,0.000110699,0.000110699
38,587.855,0.70176,3.92513,0.87505,0.01674,0.28245,0.03647,0.0326,0.45194,3.86528,0.90437,0.000108996,0.000108996,0.000108996
39,599.96,0.71232,3.97458,0.86361,0.01606,0.2899,0.04102,0.03717,0.42641,3.80831,0.90293,0.000107294,0.000107294,0.000107294
40,611.966,0.68383,3.92588,0.8607,0.01597,0.29945,0.04094,0.03659,0.43412,3.77685,0.90336,0.000105591,0.000105591,0.000105591
41,623.901,0.67181,3.93772,0.85378,0.01783,0.33493,0.04211,0.03712,0.46132,3.68624,0.90394,0.000103888,0.000103888,0.000103888
42,635.748,0.70653,3.86675,0.85472,0.02087,0.35061,0.04285,0.03759,0.47077,3.65146,0.9035,0.000102185,0.000102185,0.000102185
43,647.695,0.65877,3.82671,0.85801,0.02312,0.39084,0.0495,0.04375,0.46883,3.59562,0.90088,0.000100482,0.000100482,0.000100482
44,659.612,0.66034,3.83546,0.86592,0.02377,0.41012,0.05091,0.04559,0.45441,3.58289,0.90045,9.87796e-05,9.87796e-05,9.87796e-05
45,671.712,0.69246,3.82007,0.86198,0.02582,0.42546,0.0546,0.04995,0.40624,3.55975,0.89855,9.70768e-05,9.70768e-05,9.70768e-05
46,683.749,0.6451,3.77085,0.84999,0.02668,0.44279,0.06067,0.05616,0.41999,3.54132,0.89832,9.5374e-05,9.5374e-05,9.5374e-05
47,695.724,0.67019,3.74789,0.84722,0.02781,0.45575,0.06458,0.05867,0.4251,3.52327,0.8971,9.36712e-05,9.36712e-05,9.36712e-05
48,707.811,0.61885,3.72603,0.85125,0.02969,0.46907,0.06717,0.06183,0.40518,3.50385,0.89615,9.19684e-05,9.19684e-05,9.19684e-05
49,719.702,0.65036,3.70897,0.85278,0.03013,0.49028,0.07664,0.06979,0.41541,3.44654,0.89453,9.02656e-05,9.02656e-05,9.02656e-05
50,731.653,0.69544,3.67077,0.84645,0.0296,0.49259,0.07895,0.07197,0.41564,3.399,0.8933,8.85628e-05,8.85628e-05,8.85628e-05
51,743.702,0.66234,3.65972,0.8473,0.31224,0.23494,0.08608,0.0798,0.37912,3.28747,0.89043,8.686e-05,8.686e-05,8.686e-05
52,755.772,0.66826,3.6609,0.8441,0.3342,0.20283,0.08974,0.08348,0.3893,3.26233,0.8901,8.51572e-05,8.51572e-05,8.51572e-05
53,767.864,0.62446,3.6355,0.84617,0.03686,0.54985,0.10469,0.09718,0.42621,3.28667,0.89222,8.34544e-05,8.34544e-05,8.34544e-05
54,779.884,0.63707,3.59462,0.84456,0.03737,0.5527,0.10607,0.09777,0.44693,3.28234,0.89271,8.17516e-05,8.17516e-05,8.17516e-05
55,791.886,0.60343,3.54112,0.84156,0.07477,0.56196,0.11562,0.10138,0.46301,3.24384,0.89217,8.00488e-05,8.00488e-05,8.00488e-05
56,803.933,0.58643,3.5092,0.83277,0.09802,0.56775,0.12257,0.10651,0.4504,3.22383,0.89128,7.8346e-05,7.8346e-05,7.8346e-05
57,816.055,0.66405,3.59619,0.84688,0.13743,0.50672,0.12806,0.11396,0.40057,3.16958,0.88859,7.66432e-05,7.66432e-05,7.66432e-05
58,828.181,0.59087,3.51622,0.8417,0.20719,0.34957,0.12179,0.10816,0.39658,3.15805,0.88768,7.49404e-05,7.49404e-05,7.49404e-05
59,840.249,0.62796,3.48171,0.85581,0.20579,0.36359,0.12017,0.1071,0.40116,3.16127,0.88798,7.32376e-05,7.32376e-05,7.32376e-05
60,852.271,0.61455,3.47426,0.84769,0.14885,0.42868,0.12226,0.10847,0.40517,3.16477,0.88825,7.15348e-05,7.15348e-05,7.15348e-05
61,864.281,0.61212,3.44748,0.82828,0.25566,0.35572,0.12735,0.11297,0.41289,3.15437,0.88809,6.9832e-05,6.9832e-05,6.9832e-05
62,876.335,0.5978,3.44972,0.82567,0.276,0.2943,0.13044,0.11729,0.41681,3.13774,0.88741,6.81292e-05,6.81292e-05,6.81292e-05
63,888.548,0.63674,3.47726,0.85011,0.41375,0.22257,0.13461,0.12008,0.41059,3.07454,0.88606,6.64264e-05,6.64264e-05,6.64264e-05
64,900.615,0.59304,3.42623,0.83747,0.41969,0.2232,0.13849,0.12315,0.40619,3.04603,0.8858,6.47236e-05,6.47236e-05,6.47236e-05
65,912.514,0.59403,3.39511,0.84408,0.33469,0.26023,0.14434,0.12958,0.38501,3.03001,0.88621,6.30208e-05,6.30208e-05,6.30208e-05
66,924.54,0.60828,3.42775,0.83503,0.31737,0.27064,0.14732,0.13335,0.37775,3.02685,0.88571,6.1318e-05,6.1318e-05,6.1318e-05
67,936.552,0.62492,3.3994,0.83418,0.37728,0.23494,0.15483,0.13989,0.37254,2.99264,0.88449,5.96152e-05,5.96152e-05,5.96152e-05
68,948.622,0.59574,3.33421,0.83971,0.40937,0.20708,0.15666,0.14292,0.36857,2.98578,0.88398,5.79124e-05,5.79124e-05,5.79124e-05
69,960.544,0.59291,3.32325,0.82657,0.44523,0.20379,0.16071,0.14827,0.38183,2.96893,0.88308,5.62096e-05,5.62096e-05,5.62096e-05
70,972.5,0.56443,3.34,0.83911,0.44819,0.19586,0.16253,0.14907,0.39416,2.97685,0.88326,5.45068e-05,5.45068e-05,5.45068e-05
71,984.516,0.59365,3.35116,0.84174,0.4492,0.19697,0.16919,0.15669,0.39808,2.95613,0.88288,5.2804e-05,5.2804e-05,5.2804e-05
72,996.624,0.57964,3.29467,0.85487,0.42994,0.20582,0.17739,0.16463,0.38733,2.93027,0.88278,5.11012e-05,5.11012e-05,5.11012e-05
73,1008.71,0.59049,3.36552,0.82719,0.44326,0.21497,0.19227,0.17842,0.3823,2.91185,0.88265,4.93984e-05,4.93984e-05,4.93984e-05
74,1020.69,0.58157,3.25625,0.83406,0.45281,0.20718,0.19344,0.17852,0.38484,2.92008,0.88296,4.76956e-05,4.76956e-05,4.76956e-05
75,1032.8,0.58862,3.33974,0.83149,0.46883,0.21395,0.19794,0.18448,0.38355,2.91905,0.88204,4.59928e-05,4.59928e-05,4.59928e-05
76,1044.78,0.65438,3.29376,0.84749,0.4516,0.22632,0.19555,0.18345,0.37851,2.9096,0.88103,4.429e-05,4.429e-05,4.429e-05
77,1056.81,0.58363,3.29988,0.84519,0.44931,0.21707,0.18283,0.17385,0.35874,2.92192,0.87974,4.25872e-05,4.25872e-05,4.25872e-05
78,1068.76,0.55284,3.2382,0.82768,0.49978,0.20135,0.17772,0.16933,0.35393,2.95319,0.88037,4.08844e-05,4.08844e-05,4.08844e-05
79,1080.67,0.59111,3.2314,0.8394,0.53585,0.18556,0.17885,0.16988,0.35917,2.96928,0.88086,3.91816e-05,3.91816e-05,3.91816e-05
80,1092.68,0.55895,3.23851,0.83273,0.54068,0.18371,0.18102,0.17148,0.3674,2.96534,0.88131,3.74788e-05,3.74788e-05,3.74788e-05
81,1104.75,0.58516,3.1948,0.81794,0.45073,0.22285,0.19374,0.18171,0.38311,2.88568,0.88096,3.5776e-05,3.5776e-05,3.5776e-05
82,1116.73,0.49908,3.18128,0.8389,0.46663,0.229,0.19757,0.18524,0.38887,2.86125,0.88163,3.40732e-05,3.40732e-05,3.40732e-05
83,1128.83,0.55755,3.19191,0.81766,0.42382,0.23983,0.20727,0.19542,0.38576,2.81297,0.88226,3.23704e-05,3.23704e-05,3.23704e-05
84,1140.86,0.57462,3.15447,0.83958,0.44714,0.23704,0.20935,0.19727,0.38838,2.78366,0.88242,3.06676e-05,3.06676e-05,3.06676e-05
85,1152.91,0.5622,3.19408,0.83266,0.44662,0.25037,0.22066,0.20945,0.37948,2.75728,0.8825,2.89648e-05,2.89648e-05,2.89648e-05
86,1165,0.53621,3.17169,0.8346,0.44971,0.25014,0.22215,0.21139,0.37578,2.75357,0.88236,2.7262e-05,2.7262e-05,2.7262e-05
87,1177.02,0.58176,3.16582,0.83042,0.45209,0.25106,0.23102,0.21975,0.37509,2.74721,0.88199,2.55592e-05,2.55592e-05,2.55592e-05
88,1189.25,0.60414,3.22365,0.84004,0.45059,0.24757,0.23515,0.22421,0.36941,2.74504,0.8814,2.38564e-05,2.38564e-05,2.38564e-05
89,1201.23,0.56798,3.19554,0.83108,0.45124,0.25572,0.23347,0.22272,0.35982,2.73867,0.88081,2.21536e-05,2.21536e-05,2.21536e-05
90,1213.28,0.54119,3.13117,0.82831,0.45587,0.25415,0.23008,0.21992,0.35658,2.74909,0.88069,2.04508e-05,2.04508e-05,2.04508e-05
91,1224.72,0.53725,3.67786,0.82247,0.37745,0.30532,0.22928,0.21792,0.35998,2.6771,0.87965,1.8748e-05,1.8748e-05,1.8748e-05
92,1236.2,0.56159,3.54395,0.82741,0.34182,0.34964,0.22578,0.21419,0.36144,2.66526,0.87937,1.70452e-05,1.70452e-05,1.70452e-05
93,1247.63,0.53589,3.42363,0.81432,0.32392,0.33134,0.2174,0.20448,0.36972,2.69789,0.88025,1.53424e-05,1.53424e-05,1.53424e-05
94,1258.95,0.51796,3.2339,0.80526,0.31682,0.32474,0.20043,0.18659,0.3737,2.72683,0.88121,1.36396e-05,1.36396e-05,1.36396e-05
95,1270.47,0.51909,3.16853,0.82122,0.29052,0.3635,0.18127,0.16682,0.3806,2.75988,0.88349,1.19368e-05,1.19368e-05,1.19368e-05
96,1282.05,0.47687,3.02761,0.82588,0.28188,0.34683,0.17459,0.1596,0.38206,2.77419,0.88456,1.0234e-05,1.0234e-05,1.0234e-05
97,1293.78,0.50532,3.06515,0.83388,0.23207,0.33788,0.1686,0.15303,0.38234,2.7875,0.88574,8.5312e-06,8.5312e-06,8.5312e-06
98,1305.55,0.47211,3.02435,0.81399,0.22867,0.33478,0.16313,0.1476,0.38505,2.7978,0.88634,6.8284e-06,6.8284e-06,6.8284e-06
99,1317.05,0.469,3.00328,0.83159,0.24372,0.30878,0.15734,0.14143,0.38667,2.82147,0.88763,5.1256e-06,5.1256e-06,5.1256e-06
100,1328.69,0.50753,2.99761,0.82401,0.24588,0.31892,0.16076,0.14508,0.38529,2.80952,0.88734,3.4228e-06,3.4228e-06,3.4228e-06
